testFisPag123123,srlintag@gmail.com,ALREADY EXITS IN ORBITERA
testFisPag123123,srlintag@gmail.com,ALREADY EXITS IN ORBITERA
testFisPag123123,srlintag@gmail.com,ALREADY EXITS IN ORBITERA
testFisPag123123,srlintag@gmail.com,ALREADY EXITS IN ORBITERA
TestPree card,abheet.jamwal@gmail.com,ALREADY EXITS IN ORBITERA
orgcol country,writetobhk@gmail.com,ALREADY EXITS IN ORBITERA
orgcol country,writetobhk@gmail.com,ALREADY EXITS IN ORBITERA
test5 user5,testuser12345@gmail.com,ALREADY EXITS IN ORBITERA
orgcol country,writetobhk@gmail.com,ALREADY EXITS IN ORBITERA
orgcol country,writetobhk@gmail.com,ALREADY EXITS IN ORBITERA
test5 user5,testuser12345@gmail.com,ALREADY EXITS IN ORBITERA
test5 user5,testuser12345@gmail.com,ALREADY EXITS IN ORBITERA
test5 user5,testuser12345@gmail.com,ALREADY EXITS IN ORBITERA
Nitin Sethi,sethi.nitin9@gmail.com,ALREADY EXITS IN ORBITERA
test5 user5,testuser12345@gmail.com,ALREADY EXITS IN ORBITERA
Nitin Sethi,sethi.nitin9@gmail.com,ALREADY EXITS IN ORBITERA
TestPree card,abheet.jamwal@gmail.com,ALREADY EXITS IN ORBITERA
orgcol country,writetobhk@gmail.com,ALREADY EXITS IN ORBITERA
test5 user5,testuser12345@gmail.com,ALREADY EXITS IN ORBITERA
test5 user5,testuser12345@gmail.com,ALREADY EXITS IN ORBITERA
test5 user5,testuser12345@gmail.com,ALREADY EXITS IN ORBITERA
test5 user5,testuser12345@gmail.com,ALREADY EXITS IN ORBITERA
test5 user5,testuser12345@gmail.com,ALREADY EXITS IN ORBITERA
test5 user5,testuser12345@gmail.com,ALREADY EXITS IN ORBITERA
test5 user5,testuser12345@gmail.com,ALREADY EXITS IN ORBITERA
test5 user5,testuser12345@gmail.com,ALREADY EXITS IN ORBITERA
orgcol country,writetobhk@gmail.com,ALREADY EXITS IN ORBITERA
orgcol country,writetobhk@gmail.com,ALREADY EXITS IN ORBITERA
TestPree card,abheet.jamwal@gmail.com,ALREADY EXITS IN ORBITERA
Nitin Sethi,sethi.nitin9@gmail.com,ALREADY EXITS IN ORBITERA
test5 user5,testuser12345@gmail.com,ALREADY EXITS IN ORBITERA
test5 user5,testuser12345@gmail.com,ALREADY EXITS IN ORBITERA
Nitin Sethi,nitin.sethi@fisglobal.com,ALREADY EXITS IN ORBITERA
Kamalpreet Singh,kamalpreet.veriah@fisglobal.com,ALREADY EXITS IN ORBITERA
Kamalpreet Singh,kamalpreet.veriah@fisglobal.com,ALREADY EXITS IN ORBITERA
Nitin Sethi,nitin.sethi@fisglobal.com,ALREADY EXITS IN ORBITERA
Nitin Sethi,sethi.nitin9@gmail.com,ALREADY EXITS IN ORBITERA
testFisPag123123,srlintag@gmail.com,ALREADY EXITS IN ORBITERA
Nitin Sethi,nitin.sethi@fisglobal.com,ALREADY EXITS IN ORBITERA
Nitin Sethi,nitin.sethi@fisglobal.com,ALREADY EXITS IN ORBITERA
1 qw,asd@gtam.com,ALREADY EXITS IN ORBITERA
Puneet Nigam,puneet.nigam@gmail.com,ALREADY EXITS IN ORBITERA
Nitin Sethi,sample1@gmail.com,ALREADY EXITS IN ORBITERA
nitinsethi user,sethinitin@gmail.com,ALREADY EXITS IN ORBITERA
testFisPag123123,srlintag@gmail.com,ALREADY EXITS IN ORBITERA
Annapoorna GB,ampu.anu@gmail.com,ALREADY EXITS IN ORBITERA
Chad Hayden,haydenc71653@gmail.com,ALREADY EXITS IN ORBITERA
testFisPag123123,srlintag@gmail.com,ALREADY EXITS IN ORBITERA
test user11,validtest@gmail.com,ALREADY EXITS IN ORBITERA
Chad Hayden,haydenc71653@gmail.com,ALREADY EXITS IN ORBITERA
testFisPag123123,srlintag@gmail.com,ALREADY EXITS IN ORBITERA
testFisPag123123,srlintag@gmail.com,ALREADY EXITS IN ORBITERA
testFisPag123123,srlintag@gmail.com,ALREADY EXITS IN ORBITERA
testFisPag123123,srlintag@gmail.com,ALREADY EXITS IN ORBITERA
TestPree card,abheet.jamwal@gmail.com,ALREADY EXITS IN ORBITERA
orgcol country,writetobhk@gmail.com,ALREADY EXITS IN ORBITERA
testFisPag123123,srlintag@gmail.com,ALREADY EXITS IN ORBITERA
testFisPag123123,srlintag@gmail.com,ALREADY EXITS IN ORBITERA
testFisPag123123,srlintag@gmail.com,ALREADY EXITS IN ORBITERA
testFisPag123123,srlintag@gmail.com,ALREADY EXITS IN ORBITERA
TestPree card,abheet.jamwal@gmail.com,ALREADY EXITS IN ORBITERA
orgcol country,writetobhk@gmail.com,ALREADY EXITS IN ORBITERA
orgcol country,writetobhk@gmail.com,ALREADY EXITS IN ORBITERA
test5 user5,testuser12345@gmail.com,ALREADY EXITS IN ORBITERA
orgcol country,writetobhk@gmail.com,ALREADY EXITS IN ORBITERA
orgcol country,writetobhk@gmail.com,ALREADY EXITS IN ORBITERA
test5 user5,testuser12345@gmail.com,ALREADY EXITS IN ORBITERA
test5 user5,testuser12345@gmail.com,ALREADY EXITS IN ORBITERA
test5 user5,testuser12345@gmail.com,ALREADY EXITS IN ORBITERA
Nitin Sethi,sethi.nitin9@gmail.com,ALREADY EXITS IN ORBITERA
test5 user5,testuser12345@gmail.com,ALREADY EXITS IN ORBITERA
Nitin Sethi,sethi.nitin9@gmail.com,ALREADY EXITS IN ORBITERA
TestPree card,abheet.jamwal@gmail.com,ALREADY EXITS IN ORBITERA
orgcol country,writetobhk@gmail.com,ALREADY EXITS IN ORBITERA
test5 user5,testuser12345@gmail.com,ALREADY EXITS IN ORBITERA
test5 user5,testuser12345@gmail.com,ALREADY EXITS IN ORBITERA
test5 user5,testuser12345@gmail.com,ALREADY EXITS IN ORBITERA
test5 user5,testuser12345@gmail.com,ALREADY EXITS IN ORBITERA
test5 user5,testuser12345@gmail.com,ALREADY EXITS IN ORBITERA
test5 user5,testuser12345@gmail.com,ALREADY EXITS IN ORBITERA
test5 user5,testuser12345@gmail.com,ALREADY EXITS IN ORBITERA
test5 user5,testuser12345@gmail.com,ALREADY EXITS IN ORBITERA
orgcol country,writetobhk@gmail.com,ALREADY EXITS IN ORBITERA
orgcol country,writetobhk@gmail.com,ALREADY EXITS IN ORBITERA
TestPree card,abheet.jamwal@gmail.com,ALREADY EXITS IN ORBITERA
Nitin Sethi,sethi.nitin9@gmail.com,ALREADY EXITS IN ORBITERA
test5 user5,testuser12345@gmail.com,ALREADY EXITS IN ORBITERA
test5 user5,testuser12345@gmail.com,ALREADY EXITS IN ORBITERA
Nitin Sethi,nitin.sethi@fisglobal.com,ALREADY EXITS IN ORBITERA
Kamalpreet Singh,kamalpreet.veriah@fisglobal.com,ALREADY EXITS IN ORBITERA
Kamalpreet Singh,kamalpreet.veriah@fisglobal.com,ALREADY EXITS IN ORBITERA
Nitin Sethi,nitin.sethi@fisglobal.com,ALREADY EXITS IN ORBITERA
Nitin Sethi,sethi.nitin9@gmail.com,ALREADY EXITS IN ORBITERA
testFisPag123123,srlintag@gmail.com,ALREADY EXITS IN ORBITERA
Nitin Sethi,nitin.sethi@fisglobal.com,ALREADY EXITS IN ORBITERA
Nitin Sethi,nitin.sethi@fisglobal.com,ALREADY EXITS IN ORBITERA
1 qw,asd@gtam.com,ALREADY EXITS IN ORBITERA
Puneet Nigam,puneet.nigam@gmail.com,ALREADY EXITS IN ORBITERA
Nitin Sethi,sample1@gmail.com,ALREADY EXITS IN ORBITERA
nitinsethi user,sethinitin@gmail.com,ALREADY EXITS IN ORBITERA
testFisPag123123,srlintag@gmail.com,ALREADY EXITS IN ORBITERA
Annapoorna GB,ampu.anu@gmail.com,ALREADY EXITS IN ORBITERA
Chad Hayden,haydenc71653@gmail.com,ALREADY EXITS IN ORBITERA
testFisPag123123,srlintag@gmail.com,ALREADY EXITS IN ORBITERA
test user11,validtest@gmail.com,ALREADY EXITS IN ORBITERA
Chad Hayden,haydenc71653@gmail.com,ALREADY EXITS IN ORBITERA
testFisPag123123,srlintag@gmail.com,ALREADY EXITS IN ORBITERA
testFisPag123123,srlintag@gmail.com,ALREADY EXITS IN ORBITERA
testFisPag123123,srlintag@gmail.com,ALREADY EXITS IN ORBITERA
testFisPag123123,srlintag@gmail.com,ALREADY EXITS IN ORBITERA
TestPree card,abheet.jamwal@gmail.com,ALREADY EXITS IN ORBITERA
orgcol country,writetobhk@gmail.com,ALREADY EXITS IN ORBITERA
orgcol country,writetobhk@gmail.com,ALREADY EXITS IN ORBITERA
test5 user5,testuser12345@gmail.com,ALREADY EXITS IN ORBITERA
orgcol country,writetobhk@gmail.com,ALREADY EXITS IN ORBITERA
orgcol country,writetobhk@gmail.com,ALREADY EXITS IN ORBITERA
test5 user5,testuser12345@gmail.com,ALREADY EXITS IN ORBITERA
test5 user5,testuser12345@gmail.com,ALREADY EXITS IN ORBITERA
test5 user5,testuser12345@gmail.com,ALREADY EXITS IN ORBITERA
Nitin Sethi,sethi.nitin9@gmail.com,ALREADY EXITS IN ORBITERA
test5 user5,testuser12345@gmail.com,ALREADY EXITS IN ORBITERA
Nitin Sethi,sethi.nitin9@gmail.com,ALREADY EXITS IN ORBITERA
TestPree card,abheet.jamwal@gmail.com,ALREADY EXITS IN ORBITERA
orgcol country,writetobhk@gmail.com,ALREADY EXITS IN ORBITERA
test5 user5,testuser12345@gmail.com,ALREADY EXITS IN ORBITERA
test5 user5,testuser12345@gmail.com,ALREADY EXITS IN ORBITERA
test5 user5,testuser12345@gmail.com,ALREADY EXITS IN ORBITERA
test5 user5,testuser12345@gmail.com,ALREADY EXITS IN ORBITERA
test5 user5,testuser12345@gmail.com,ALREADY EXITS IN ORBITERA
test5 user5,testuser12345@gmail.com,ALREADY EXITS IN ORBITERA
test5 user5,testuser12345@gmail.com,ALREADY EXITS IN ORBITERA
test5 user5,testuser12345@gmail.com,ALREADY EXITS IN ORBITERA
orgcol country,writetobhk@gmail.com,ALREADY EXITS IN ORBITERA
orgcol country,writetobhk@gmail.com,ALREADY EXITS IN ORBITERA
TestPree card,abheet.jamwal@gmail.com,ALREADY EXITS IN ORBITERA
Nitin Sethi,sethi.nitin9@gmail.com,ALREADY EXITS IN ORBITERA
test5 user5,testuser12345@gmail.com,ALREADY EXITS IN ORBITERA
test5 user5,testuser12345@gmail.com,ALREADY EXITS IN ORBITERA
Nitin Sethi,nitin.sethi@fisglobal.com,ALREADY EXITS IN ORBITERA
Kamalpreet Singh,kamalpreet.veriah@fisglobal.com,ALREADY EXITS IN ORBITERA
Kamalpreet Singh,kamalpreet.veriah@fisglobal.com,ALREADY EXITS IN ORBITERA
Nitin Sethi,nitin.sethi@fisglobal.com,ALREADY EXITS IN ORBITERA
Nitin Sethi,sethi.nitin9@gmail.com,ALREADY EXITS IN ORBITERA
testFisPag123123,srlintag@gmail.com,ALREADY EXITS IN ORBITERA
Nitin Sethi,nitin.sethi@fisglobal.com,ALREADY EXITS IN ORBITERA
Nitin Sethi,nitin.sethi@fisglobal.com,ALREADY EXITS IN ORBITERA
1 qw,asd@gtam.com,ALREADY EXITS IN ORBITERA
Puneet Nigam,puneet.nigam@gmail.com,ALREADY EXITS IN ORBITERA
Nitin Sethi,sample1@gmail.com,ALREADY EXITS IN ORBITERA
nitinsethi user,sethinitin@gmail.com,ALREADY EXITS IN ORBITERA
testFisPag123123,srlintag@gmail.com,ALREADY EXITS IN ORBITERA
Annapoorna GB,ampu.anu@gmail.com,ALREADY EXITS IN ORBITERA
Chad Hayden,haydenc71653@gmail.com,ALREADY EXITS IN ORBITERA
testFisPag123123,srlintag@gmail.com,ALREADY EXITS IN ORBITERA
test user11,validtest@gmail.com,ALREADY EXITS IN ORBITERA
Chad Hayden,haydenc71653@gmail.com,ALREADY EXITS IN ORBITERA
testFisPag123123,srlintag@gmail.com,ALREADY EXITS IN ORBITERA
testFisPag123123,srlintag@gmail.com,ALREADY EXITS IN ORBITERA
testFisPag123123,srlintag@gmail.com,ALREADY EXITS IN ORBITERA
testFisPag123123,srlintag@gmail.com,ALREADY EXITS IN ORBITERA
TestPree card,abheet.jamwal@gmail.com,ALREADY EXITS IN ORBITERA
orgcol country,writetobhk@gmail.com,ALREADY EXITS IN ORBITERA
orgcol country,writetobhk@gmail.com,ALREADY EXITS IN ORBITERA
test5 user5,testuser12345@gmail.com,ALREADY EXITS IN ORBITERA
orgcol country,writetobhk@gmail.com,ALREADY EXITS IN ORBITERA
orgcol country,writetobhk@gmail.com,ALREADY EXITS IN ORBITERA
test5 user5,testuser12345@gmail.com,ALREADY EXITS IN ORBITERA
test5 user5,testuser12345@gmail.com,ALREADY EXITS IN ORBITERA
test5 user5,testuser12345@gmail.com,ALREADY EXITS IN ORBITERA
Nitin Sethi,sethi.nitin9@gmail.com,ALREADY EXITS IN ORBITERA
test5 user5,testuser12345@gmail.com,ALREADY EXITS IN ORBITERA
Nitin Sethi,sethi.nitin9@gmail.com,ALREADY EXITS IN ORBITERA
TestPree card,abheet.jamwal@gmail.com,ALREADY EXITS IN ORBITERA
orgcol country,writetobhk@gmail.com,ALREADY EXITS IN ORBITERA
test5 user5,testuser12345@gmail.com,ALREADY EXITS IN ORBITERA
test5 user5,testuser12345@gmail.com,ALREADY EXITS IN ORBITERA
test5 user5,testuser12345@gmail.com,ALREADY EXITS IN ORBITERA
test5 user5,testuser12345@gmail.com,ALREADY EXITS IN ORBITERA
test5 user5,testuser12345@gmail.com,ALREADY EXITS IN ORBITERA
test5 user5,testuser12345@gmail.com,ALREADY EXITS IN ORBITERA
test5 user5,testuser12345@gmail.com,ALREADY EXITS IN ORBITERA
test5 user5,testuser12345@gmail.com,ALREADY EXITS IN ORBITERA
orgcol country,writetobhk@gmail.com,ALREADY EXITS IN ORBITERA
orgcol country,writetobhk@gmail.com,ALREADY EXITS IN ORBITERA
TestPree card,abheet.jamwal@gmail.com,ALREADY EXITS IN ORBITERA
Nitin Sethi,sethi.nitin9@gmail.com,ALREADY EXITS IN ORBITERA
test5 user5,testuser12345@gmail.com,ALREADY EXITS IN ORBITERA
test5 user5,testuser12345@gmail.com,ALREADY EXITS IN ORBITERA
Nitin Sethi,nitin.sethi@fisglobal.com,ALREADY EXITS IN ORBITERA
Kamalpreet Singh,kamalpreet.veriah@fisglobal.com,ALREADY EXITS IN ORBITERA
Kamalpreet Singh,kamalpreet.veriah@fisglobal.com,ALREADY EXITS IN ORBITERA
Nitin Sethi,nitin.sethi@fisglobal.com,ALREADY EXITS IN ORBITERA
Nitin Sethi,sethi.nitin9@gmail.com,ALREADY EXITS IN ORBITERA
testFisPag123123,srlintag@gmail.com,ALREADY EXITS IN ORBITERA
Nitin Sethi,nitin.sethi@fisglobal.com,ALREADY EXITS IN ORBITERA
Nitin Sethi,nitin.sethi@fisglobal.com,ALREADY EXITS IN ORBITERA
1 qw,asd@gtam.com,ALREADY EXITS IN ORBITERA
Puneet Nigam,puneet.nigam@gmail.com,ALREADY EXITS IN ORBITERA
Nitin Sethi,sample1@gmail.com,ALREADY EXITS IN ORBITERA
nitinsethi user,sethinitin@gmail.com,ALREADY EXITS IN ORBITERA
testFisPag123123,srlintag@gmail.com,ALREADY EXITS IN ORBITERA
Annapoorna GB,ampu.anu@gmail.com,ALREADY EXITS IN ORBITERA
Chad Hayden,haydenc71653@gmail.com,ALREADY EXITS IN ORBITERA
testFisPag123123,srlintag@gmail.com,ALREADY EXITS IN ORBITERA
test user11,validtest@gmail.com,ALREADY EXITS IN ORBITERA
Chad Hayden,haydenc71653@gmail.com,ALREADY EXITS IN ORBITERA
testFisPag123123,srlintag@gmail.com,ALREADY EXITS IN ORBITERA
testFisPag123123,srlintag@gmail.com,ALREADY EXITS IN ORBITERA
testFisPag123123,srlintag@gmail.com,ALREADY EXITS IN ORBITERA
testFisPag123123,srlintag@gmail.com,ALREADY EXITS IN ORBITERA
TestPree card,abheet.jamwal@gmail.com,ALREADY EXITS IN ORBITERA
orgcol country,writetobhk@gmail.com,ALREADY EXITS IN ORBITERA
orgcol country,writetobhk@gmail.com,ALREADY EXITS IN ORBITERA
test5 user5,testuser12345@gmail.com,ALREADY EXITS IN ORBITERA
orgcol country,writetobhk@gmail.com,ALREADY EXITS IN ORBITERA
orgcol country,writetobhk@gmail.com,ALREADY EXITS IN ORBITERA
test5 user5,testuser12345@gmail.com,ALREADY EXITS IN ORBITERA
test5 user5,testuser12345@gmail.com,ALREADY EXITS IN ORBITERA
test5 user5,testuser12345@gmail.com,ALREADY EXITS IN ORBITERA
Nitin Sethi,sethi.nitin9@gmail.com,ALREADY EXITS IN ORBITERA
test5 user5,testuser12345@gmail.com,ALREADY EXITS IN ORBITERA
Nitin Sethi,sethi.nitin9@gmail.com,ALREADY EXITS IN ORBITERA
TestPree card,abheet.jamwal@gmail.com,ALREADY EXITS IN ORBITERA
orgcol country,writetobhk@gmail.com,ALREADY EXITS IN ORBITERA
test5 user5,testuser12345@gmail.com,ALREADY EXITS IN ORBITERA
test5 user5,testuser12345@gmail.com,ALREADY EXITS IN ORBITERA
test5 user5,testuser12345@gmail.com,ALREADY EXITS IN ORBITERA
test5 user5,testuser12345@gmail.com,ALREADY EXITS IN ORBITERA
test5 user5,testuser12345@gmail.com,ALREADY EXITS IN ORBITERA
test5 user5,testuser12345@gmail.com,ALREADY EXITS IN ORBITERA
test5 user5,testuser12345@gmail.com,ALREADY EXITS IN ORBITERA
test5 user5,testuser12345@gmail.com,ALREADY EXITS IN ORBITERA
orgcol country,writetobhk@gmail.com,ALREADY EXITS IN ORBITERA
orgcol country,writetobhk@gmail.com,ALREADY EXITS IN ORBITERA
TestPree card,abheet.jamwal@gmail.com,ALREADY EXITS IN ORBITERA
Nitin Sethi,sethi.nitin9@gmail.com,ALREADY EXITS IN ORBITERA
test5 user5,testuser12345@gmail.com,ALREADY EXITS IN ORBITERA
test5 user5,testuser12345@gmail.com,ALREADY EXITS IN ORBITERA
Nitin Sethi,nitin.sethi@fisglobal.com,ALREADY EXITS IN ORBITERA
Kamalpreet Singh,kamalpreet.veriah@fisglobal.com,ALREADY EXITS IN ORBITERA
Kamalpreet Singh,kamalpreet.veriah@fisglobal.com,ALREADY EXITS IN ORBITERA
Nitin Sethi,nitin.sethi@fisglobal.com,ALREADY EXITS IN ORBITERA
Nitin Sethi,sethi.nitin9@gmail.com,ALREADY EXITS IN ORBITERA
testFisPag123123,srlintag@gmail.com,ALREADY EXITS IN ORBITERA
Nitin Sethi,nitin.sethi@fisglobal.com,ALREADY EXITS IN ORBITERA
Nitin Sethi,nitin.sethi@fisglobal.com,ALREADY EXITS IN ORBITERA
1 qw,asd@gtam.com,ALREADY EXITS IN ORBITERA
Puneet Nigam,puneet.nigam@gmail.com,ALREADY EXITS IN ORBITERA
Nitin Sethi,sample1@gmail.com,ALREADY EXITS IN ORBITERA
nitinsethi user,sethinitin@gmail.com,ALREADY EXITS IN ORBITERA
testFisPag123123,srlintag@gmail.com,ALREADY EXITS IN ORBITERA
Annapoorna GB,ampu.anu@gmail.com,ALREADY EXITS IN ORBITERA
Chad Hayden,haydenc71653@gmail.com,ALREADY EXITS IN ORBITERA
testFisPag123123,srlintag@gmail.com,ALREADY EXITS IN ORBITERA
test user11,validtest@gmail.com,ALREADY EXITS IN ORBITERA
Chad Hayden,haydenc71653@gmail.com,ALREADY EXITS IN ORBITERA
Hello World,uniquemail2333@gmail.com,ALREADY EXITS IN ORBITERA
Hello World,uniquemail2333@gmail.com,ALREADY EXITS IN ORBITERA
Hello World,uniquemail2333@gmail.com,ALREADY EXITS IN ORBITERA
Hello World,uniquemail23533@gmail.com,ALREADY EXITS IN ORBITERA
Hello World,uniquemail235833@gmail.com,ALREADY EXITS IN ORBITERA
Hello World,uniquemail2358233@gmail.com,ALREADY EXITS IN ORBITERA
Hello World,uniquemail2358233@gmail.com,ALREADY EXITS IN ORBITERA
Hello World,uniquemail2358233@gmail.com,ALREADY EXITS IN ORBITERA
Hello World,uniquemail23582233@gmail.com,ALREADY EXITS IN ORBITERA
Hello World,uniquemail235822233@gmail.com,ALREADY EXITS IN ORBITERA
Hello World,uniquemail233323@gmail.com,ALREADY EXITS IN ORBITERA
Hello World,uniquemail23332311@gmail.com,ALREADY EXITS IN ORBITERA
Hello World,uniquemail23332311@gmail.com,ALREADY EXITS IN ORBITERA
Hello World,uniquemail233323112@gmail.com,ALREADY EXITS IN ORBITERA
Hello World,uniquemail233323112@gmail.com,ALREADY EXITS IN ORBITERA
Hello World,uniquemail233323112@gmail.com,ALREADY EXITS IN ORBITERA
Hello World,uniquemail233323112@gmail.com,ALREADY EXITS IN ORBITERA
Hello World,uniquemail233323112@gmail.com,ALREADY EXITS IN ORBITERA
Hello World,uniquemail233323112@gmail.com,ALREADY EXITS IN ORBITERA
Hello World,uniquemail233323112@gmail.com,ALREADY EXITS IN ORBITERA
Hello World,uniquemail233323112@gmail.com,ALREADY EXITS IN ORBITERA
Hello World,uniquemail233323112@gmail.com,ALREADY EXITS IN ORBITERA
Hello World,uniquemail2333231121@gmail.com,ALREADY EXITS IN ORBITERA
Hello World,uniquemail23332311212@gmail.com,ALREADY EXITS IN ORBITERA
Hello World,uniquemail233323112121@gmail.com,ALREADY EXITS IN ORBITERA
Hello World,uniquemail2333231121212@gmail.com,ALREADY EXITS IN ORBITERA
Hello World,uniquemail23332311212121@gmail.com,ALREADY EXITS IN ORBITERA
Hello World,uniquemail233323112121211@gmail.com,ALREADY EXITS IN ORBITERA
Hello World,unique1@gmail.com,ALREADY EXITS IN ORBITERA
Hello World,unique1@gmail.com,ALREADY EXITS IN ORBITERA
Hello World,unique1@gmail.com,ALREADY EXITS IN ORBITERA
Hello World,unique1@gmail.com,ALREADY EXITS IN ORBITERA
Hello World,unique1@gmail.com,ALREADY EXITS IN ORBITERA
Hello World,unique2@gmail.com,ALREADY EXITS IN ORBITERA
Hello World,unique2@gmail.com,ALREADY EXITS IN ORBITERA
Hello World,unique2@gmail.com,ALREADY EXITS IN ORBITERA
Hello World,unique3@gmail.com,ALREADY EXITS IN ORBITERA
Hello World,unique4@gmail.com,ALREADY EXITS IN ORBITERA
Hello World,unique4@gmail.com,ALREADY EXITS IN ORBITERA
Hello World,unique4@gmail.com,ALREADY EXITS IN ORBITERA
Hello World,unique5@gmail.com,ALREADY EXITS IN ORBITERA
Hello World,unique5@gmail.com,ALREADY EXITS IN ORBITERA
Hello World,unique5@gmail.com,ALREADY EXITS IN ORBITERA
Hello World,unique6@gmail.com,ALREADY EXITS IN ORBITERA
Hello World,unique7@gmail.com,ALREADY EXITS IN ORBITERA
Hello World,unique711@gmail.com,ALREADY EXITS IN ORBITERA
Hello World,unique7112@gmail.com,ALREADY EXITS IN ORBITERA
Hello World,unique71121@gmail.com,ALREADY EXITS IN ORBITERA
Hello World,unique71121ssss@gmail.com,ALREADY EXITS IN ORBITERA
Hello World,unique71121ssss@gmail.com,ALREADY EXITS IN ORBITERA
Hello World,unique71121ssss@gmail.com,ALREADY EXITS IN ORBITERA
Hello World,unique71121ssss@gmail.com,ALREADY EXITS IN ORBITERA
Hello World,unique71121ssss@gmail.com,ALREADY EXITS IN ORBITERA
Hello World,unique71121ssss@gmail.com,ALREADY EXITS IN ORBITERA
Hello World,unique71121ssss@gmail.com,ALREADY EXITS IN ORBITERA
testFisPag123123,srlintag@gmail.com,ALREADY EXITS IN ORBITERA
Hello World,unique71121ssss@gmail.com,ALREADY EXITS IN ORBITERA
Hello World,unique71121ssss@gmail.com,ALREADY EXITS IN ORBITERA
testFisPag123123,srlintag@gmail.com,ALREADY EXITS IN ORBITERA
Hello World,unique71121ssss@gmail.com,ALREADY EXITS IN ORBITERA
Hello World,unique71121ssss@gmail.com,ALREADY EXITS IN ORBITERA
testFisPag123123,srlintag@gmail.com,ALREADY EXITS IN ORBITERA
testFisPag123123,srlintag@gmail.com,ALREADY EXITS IN ORBITERA
Hello World,unique71121ssss@gmail.com,ALREADY EXITS IN ORBITERA
Hello World,unique71121ssss@gmail.com,ALREADY EXITS IN ORBITERA
testFisPag123123,srlintag@gmail.com,ALREADY EXITS IN ORBITERA
testFisPag123123,srlintag@gmail.com,ALREADY EXITS IN ORBITERA
Hello World,unique79@gmail.com,ALREADY EXITS IN ORBITERA
testFisPag123123,srlintag@gmail.com,ALREADY EXITS IN ORBITERA
Hello World,unique79000@gmail.com,ALREADY EXITS IN ORBITERA
Hello World,uniquethis2@gmail.com,ALREADY EXITS IN ORBITERA
testFisPag123123,srlintag@gmail.com,ALREADY EXITS IN ORBITERA
testFisPag123123,srlintag@gmail.com,ALREADY EXITS IN ORBITERA
Hello World,uniquethis2@gmail.com,ALREADY EXITS IN ORBITERA
testFisPag123123,srlintag@gmail.com,ALREADY EXITS IN ORBITERA
testFisPag123123,srlintag@gmail.com,ALREADY EXITS IN ORBITERA
Hello World,uniquethis22@gmail.com,ALREADY EXITS IN ORBITERA
Hello World,uniquethis22@gmail.com,ALREADY EXITS IN ORBITERA
testFisPag123123,srlintag@gmail.com,ALREADY EXITS IN ORBITERA
Hello World,uniquethis22@gmail.com,ALREADY EXITS IN ORBITERA
testFisPag123123,srlintag@gmail.com,ALREADY EXITS IN ORBITERA
Hello World,uniquethis22@gmail.com,ALREADY EXITS IN ORBITERA
testFisPag123123,srlintag@gmail.com,ALREADY EXITS IN ORBITERA
testFisPag123123,srlintag@gmail.com,ALREADY EXITS IN ORBITERA
testFisPag123123,srlintag@gmail.com,ALREADY EXITS IN ORBITERA
Hello World,uniquethis222@gmail.com,ALREADY EXITS IN ORBITERA
Hello World,uniquethis222@gmail.com,ALREADY EXITS IN ORBITERA
testFisPag123123,srlintag@gmail.com,ALREADY EXITS IN ORBITERA
testFisPag123123,srlintag@gmail.com,ALREADY EXITS IN ORBITERA
Hello World,uniquethis222@gmail.com,ALREADY EXITS IN ORBITERA
testFisPag123123,srlintag@gmail.com,ALREADY EXITS IN ORBITERA
Hello World,uniquethis222@gmail.com,ALREADY EXITS IN ORBITERA
testFisPag123123,srlintag@gmail.com,ALREADY EXITS IN ORBITERA
Hello World,uniquethis2222@gmail.com,ALREADY EXITS IN ORBITERA
testFisPag123123,srlintag@gmail.com,ALREADY EXITS IN ORBITERA
Hello World,uniquethis12222@gmail.com,ALREADY EXITS IN ORBITERA
testFisPag123123,srlintag@gmail.com,ALREADY EXITS IN ORBITERA
Hello World,uniquethis12222@gmail.com,ALREADY EXITS IN ORBITERA
testFisPag123123,srlintag@gmail.com,ALREADY EXITS IN ORBITERA
Hello World,uniquethis5@gmail.com,ALREADY EXITS IN ORBITERA
testFisPag123123,srlintag@gmail.com,ALREADY EXITS IN ORBITERA
testFisPag123123,srlintag@gmail.com,ALREADY EXITS IN ORBITERA
Hello World,uniquethis51@gmail.com,ALREADY EXITS IN ORBITERA
testFisPag123123,srlintag@gmail.com,ALREADY EXITS IN ORBITERA
testFisPag123123,srlintag@gmail.com,ALREADY EXITS IN ORBITERA
Hello World,uniquethis51@gmail.com,ALREADY EXITS IN ORBITERA
testFisPag123123,srlintag@gmail.com,ALREADY EXITS IN ORBITERA
Hello World,uniquethis51@gmail.com,ALREADY EXITS IN ORBITERA
testFisPag123123,srlintag@gmail.com,ALREADY EXITS IN ORBITERA
testFisPag123123,srlintag@gmail.com,ALREADY EXITS IN ORBITERA
Hello World,uniquethis51@gmail.com,ALREADY EXITS IN ORBITERA
testFisPag123123,srlintag@gmail.com,ALREADY EXITS IN ORBITERA
testFisPag123123,srlintag@gmail.com,ALREADY EXITS IN ORBITERA
Hello World,uniquethis5122@gmail.com,ALREADY EXITS IN ORBITERA
testFisPag123123,srlintag@gmail.com,ALREADY EXITS IN ORBITERA
testFisPag123123,srlintag@gmail.com,ALREADY EXITS IN ORBITERA
Hello World,uniquethis51222@gmail.com,ALREADY EXITS IN ORBITERA
Luis,luis@gmail.com
Luis,luis1@gmail.com
Luis,luis2@gmail.com
testFisPag123123,srlintag@gmail.com,ALREADY EXITS IN ORBITERA
Hello World,uniquethis51222@gmail.com,ALREADY EXITS IN ORBITERA
testFisPag123123,srlintag@gmail.com,ALREADY EXITS IN ORBITERA
Luis,luis@gmail.com
Luis,luis1@gmail.com
Luis,luis2@gmail.com
Luis,luis@gmail.com
Luis,luis1@gmail.com
Luis,luis2@gmail.com
testFisPag123123,srlintag@gmail.com,ALREADY EXITS IN ORBITERA
